Algorithm,Total_Exec_Time_ms,Runtime_ms,CPU_Active_%,CPU_Idle_%
Priority,6837,416606,1.641118947,98.35888105
RoundRobin,5720,250992,2.278957098,97.7210429
EDF,6882,415591,1.655955013,98.34404499